Cluster,BALANCE,BALANCE_FREQUENCY,PURCHASES,ONEOFF_PURCHASES,INSTALLMENTS_PURCHASES,CASH_ADVANCE,PURCHASES_FREQUENCY,ONEOFF_PURCHASES_FREQUENCY,PURCHASES_INSTALLMENTS_FREQUENCY,CASH_ADVANCE_FREQUENCY,CASH_ADVANCE_TRX,PURCHASES_TRX,CREDIT_LIMIT,PAYMENTS,MINIMUM_PAYMENTS,PRC_FULL_PAYMENT,TENURE,PAYMENT_RATIO,ONEOFF_PURCHASE_RATIO,INSTALLMENT_PURCHASE_RATIO,CASH_ADVANCE_RATIO,UTILIZATION_RATIO,AVG_PURCHASE_TRX,AVG_CASHADVANCE_TRX
0,2229.3816780242473,0.8875892913879599,52.40229096989967,2.8390677257525083,49.72448578595318,2123.1569583925584,0.07779448202341138,0.0029198281772575252,0.06885282650501673,0.2805216956521739,6.643394648829432,1.3921404682274248,4115.746934225334,1712.6574796860368,1021.107204145903,0.04263136872909699,11.266722408026755,9.173953875117764,0.013781842172729398,3635.1660115409295,67896.06476951725,0.5770655981191067,6.928912512622792,489.92497595282384
1,2656.881903007599,0.9667314478216819,1044.0115856129687,698.0904457953394,346.130663627153,1775.7581915982776,0.49315156484295847,0.28398949392097267,0.3008578252279635,0.25362776291793315,6.355116514690983,16.17983789260385,4697.773325965045,2061.9916811818644,1303.029546891084,0.02597718389057751,11.55369807497467,2.9614141546925556,0.7622082304151898,0.2386835436039932,5235.714257972161,0.6214642315686945,109.43619792456288,306.46725032019407
2,1201.4947752824003,0.9229067428139183,2541.0592082702974,1873.3440897629855,667.7398285426123,36.94622934896621,0.7405049712556733,0.5729714074634392,0.4373844150277358,0.009542518406454866,0.15431164901664146,31.06051437216339,5964.3364048961175,2422.3429230610186,510.43779992309635,0.22712286535552192,11.77710539586485,8.655738429987807,0.7788847837311648,0.22112246296372298,0.08528426514808089,0.23097260664502206,141.9784666739196,19.85596932993566
3,400.80819903500003,0.7653233819230769,674.4375769230769,77.94290384615384,597.2017076923077,39.810429236153844,0.6771732538461539,0.04162095269230769,0.6291506169230769,0.00722385076923077,0.12846153846153846,13.381153846153847,3567.414549339231,977.3362111973076,590.4108227992308,0.29696471807692304,11.524230769230769,13.892211764841695,0.12168226003901618,0.8800800633133199,0.296295928855094,0.15975862741840882,30293.459973582143,20.485820151268253
